Datetime,Water Level (m)
2026-06-22 18:00:00,-0.25581437
2026-06-22 19:00:00,-0.32285625
2026-06-22 20:00:00,-0.21548216
2026-06-22 21:00:00,0.076968305
2026-06-22 22:00:00,0.39297804
2026-06-22 23:00:00,0.6611131
2026-06-23 00:00:00,0.83194685
2026-06-23 01:00:00,0.869574
2026-06-23 02:00:00,0.7532578
2026-06-23 03:00:00,0.5450967
2026-06-23 04:00:00,0.3212069
2026-06-23 05:00:00,0.14190374
2026-06-23 06:00:00,0.019519081
2026-06-23 07:00:00,-0.018851103
2026-06-23 08:00:00,0.09419498
2026-06-23 09:00:00,0.36560217
2026-06-23 10:00:00,0.6342621
2026-06-23 11:00:00,0.8138093
2026-06-23 12:00:00,0.8723449
2026-06-23 13:00:00,0.8236668
2026-06-23 14:00:00,0.6909265
2026-06-23 15:00:00,0.51315594
2026-06-23 16:00:00,0.31193864
2026-06-23 17:00:00,0.12046599
2026-06-23 18:00:00,-0.046068106
2026-06-23 19:00:00,-0.17813142
2026-06-23 20:00:00,-0.24853966
2026-06-23 21:00:00,-0.13164973
2026-06-23 22:00:00,0.18739311
2026-06-23 23:00:00,0.4965249
2026-06-24 00:00:00,0.74182904
2026-06-24 01:00:00,0.87191206
2026-06-24 02:00:00,0.8867031
2026-06-24 03:00:00,0.79128015
2026-06-24 04:00:00,0.6192981
2026-06-24 05:00:00,0.42127144
2026-06-24 06:00:00,0.24699162
2026-06-24 07:00:00,0.12080772
2026-06-24 08:00:00,0.046175577
2026-06-24 09:00:00,0.06257238
2026-06-24 10:00:00,0.24878666
2026-06-24 11:00:00,0.51074743
2026-06-24 12:00:00,0.7277955
2026-06-24 13:00:00,0.84697986
2026-06-24 14:00:00,0.85806185
2026-06-24 15:00:00,0.78137094
2026-06-24 16:00:00,0.62336946
2026-06-24 17:00:00,0.41139492
2026-06-24 18:00:00,0.19500832
2026-06-24 19:00:00,0.009583383
2026-06-24 20:00:00,-0.13160159
2026-06-24 21:00:00,-0.20481433
2026-06-24 22:00:00,-0.11296142
2026-06-24 23:00:00,0.20989396
2026-06-25 00:00:00,0.545141
2026-06-25 01:00:00,0.79384667
2026-06-25 02:00:00,0.92426383
2026-06-25 03:00:00,0.93555796
2026-06-25 04:00:00,0.8356321
2026-06-25 05:00:00,0.6669328
2026-06-25 06:00:00,0.4628196
2026-06-25 07:00:00,0.27766824
2026-06-25 08:00:00,0.14105834
2026-06-25 09:00:00,0.057357058
2026-06-25 10:00:00,0.050935518
2026-06-25 11:00:00,0.1887829
2026-06-25 12:00:00,0.4313591
2026-06-25 13:00:00,0.64146656
2026-06-25 14:00:00,0.75590116
2026-06-25 15:00:00,0.7579074
2026-06-25 16:00:00,0.6652797
2026-06-25 17:00:00,0.49756998
2026-06-25 18:00:00,0.2934686
2026-06-25 19:00:00,0.097553894
2026-06-25 20:00:00,-0.06907051
2026-06-25 21:00:00,-0.1963101
2026-06-25 22:00:00,-0.24600162
2026-06-25 23:00:00,-0.09845835
2026-06-26 00:00:00,0.23940897
2026-06-26 01:00:00,0.57903695
2026-06-26 02:00:00,0.83985335
2026-06-26 03:00:00,0.9839163
2026-06-26 04:00:00,1.0052648
2026-06-26 05:00:00,0.90195304
2026-06-26 06:00:00,0.70848155
2026-06-26 07:00:00,0.48648706
2026-06-26 08:00:00,0.2912073
2026-06-26 09:00:00,0.1394561
2026-06-26 10:00:00,0.030602254
2026-06-26 11:00:00,-0.009167154
2026-06-26 12:00:00,0.10658812
2026-06-26 13:00:00,0.38277704
2026-06-26 14:00:00,0.63334954
2026-06-26 15:00:00,0.7726822
2026-06-26 16:00:00,0.7848204
2026-06-26 17:00:00,0.67335707
2026-06-26 18:00:00,0.47629362
2026-06-26 19:00:00,0.2603346
2026-06-26 20:00:00,0.06223173
2026-06-26 21:00:00,-0.10305801
2026-06-26 22:00:00,-0.2274962
2026-06-26 23:00:00,-0.26251826
2026-06-27 00:00:00,-0.081377625
2026-06-27 01:00:00,0.2995555
2026-06-27 02:00:00,0.66329247
2026-06-27 03:00:00,0.93900496
2026-06-27 04:00:00,1.0893453
2026-06-27 05:00:00,1.0912644
2026-06-27 06:00:00,0.95548856
2026-06-27 07:00:00,0.7241321
2026-06-27 08:00:00,0.4757564
2026-06-27 09:00:00,0.2620575
2026-06-27 10:00:00,0.09551197
2026-06-27 11:00:00,-0.023521136
2026-06-27 12:00:00,-0.06704318
2026-06-27 13:00:00,0.08377429
2026-06-27 14:00:00,0.40709817
2026-06-27 15:00:00,0.6777257
2026-06-27 16:00:00,0.83366376
2026-06-27 17:00:00,0.8491899
2026-06-27 18:00:00,0.71252763
2026-06-27 19:00:00,0.48292765
2026-06-27 20:00:00,0.24523902
2026-06-27 21:00:00,0.037296854
2026-06-27 22:00:00,-0.12637599
2026-06-27 23:00:00,-0.2443305
2026-06-28 00:00:00,-0.24814679
2026-06-28 01:00:00,0.037840832
2026-06-28 02:00:00,0.4511875
2026-06-28 03:00:00,0.8314438
2026-06-28 04:00:00,1.1040639
2026-06-28 05:00:00,1.2315385
2026-06-28 06:00:00,1.1966174
2026-06-28 07:00:00,1.0070319
2026-06-28 08:00:00,0.7383701
2026-06-28 09:00:00,0.48063445
2026-06-28 10:00:00,0.26508573
2026-06-28 11:00:00,0.09444496
2026-06-28 12:00:00,-0.023856174
2026-06-28 13:00:00,-0.041519277
2026-06-28 14:00:00,0.19888344
2026-06-28 15:00:00,0.547564
2026-06-28 16:00:00,0.8215348
2026-06-28 17:00:00,0.9596472
2026-06-28 18:00:00,0.93002594
